{
  "levels": {
    "1": {
      "take": {
        "type": "constant",
        "value": 2
      },
      "trades": [
        {
          "sells": {
            "item": "potato",
            "count": 16
          },
          "wants": [
            {
              "item": "coinsje:copper_coin"
            }
          ]
        },
        {
          "sells": {
            "item": "wheat",
            "count": 16
          },
          "wants": [
            {
              "item": "coinsje:copper_coin"
            }
          ]
        },
        {
          "sells": {
            "item": "carrot",
            "count": 16
          },
          "wants": [
            {
              "item": "coinsje:copper_coin"
            }
          ]
        },
        {
          "sells": {
            "item": "beetroot",
            "count": 16
          },
          "wants": [
            {
              "item": "coinsje:copper_coin"
            }
          ]
        }
      ]
    },
    "2": {
      "take": {
        "type": "constant",
        "value": 2
      },
      "trades": [
        {
          "sells": {
            "item": "pumpkin",
            "count": 6
          },
          "wants": [
            {
              "item": "coinsje:iron_coin"
            }
          ]
        },
        {
          "sells": {
            "item": "melon",
            "count": 6
          },
          "wants": [
            {
              "item": "coinsje:iron_coin"
            }
          ]
        }
      ]
    },
    "3": {
      "take": {
        "type": "constant",
        "value": 2
      },
      "trades": [
        {
          "sells": {
            "item": "suspicious_stew",
            "count": 3
          },
          "wants": [
            {
              "item": "coinsje:gold_coin"
            }
          ]
        }
      ]
    },
    "4": {
      "take": {
        "type": "constant",
        "value": 2
      },
      "trades": [
        {
          "sells": {
            "item": "suspicious_stew",
            "count": 6
          },
          "wants": [
            {
              "item": "coinsje:diamond_coin"
            }
          ]
        }
      ]
    },
    "5": {
      "take": {
        "type": "constant",
        "value": 2
      },
      "trades": [
        {
          "sells": {
            "item": "golden_carrot",
            "count": 6
          },
          "wants": [
            {
              "item": "coinsje:netherite_coin"
            }
          ]
        }
      ]
    }
  }
}
