{
    "type": "crafting_shaped",
    "pattern": [
        "SES",
        "SPS",
        "ISI"
    ],
    "key": {
        "S": {
            "item": "minecraft:pink_terracotta"
        },
        "P": {
            "item": "botanypotstiers:elite_terracotta_botany_pot"
        },
        "I": {
            "item": "minecraft:diamond_block"
        },
        "E": {
            "item": "magic_vibe_decorations:ender_amethyst_crystal"
        }
    },
    "result": {
        "item": "botanypotstiers:ultra_pink_terracotta_botany_pot",
        "count": 1
    }
}