{
    "type": "crafting_shaped",
    "pattern": [
        " E ",
        " P ",
        "IHI"
    ],
    "key": {
        "P": {
            "item": "botanypotstiers:elite_brown_concrete_botany_pot"
        },
        "I": {
            "item": "minecraft:diamond_block"
        },
        "E": {
            "item": "magic_vibe_decorations:ender_amethyst_crystal"
        },
        "H": {
            "item": "minecraft:hopper"
        }
    },
    "result": {
        "item": "botanypotstiers:ultra_brown_concrete_hopper_botany_pot",
        "count": 1
    }
}