{
	"textures": {
		"0": "./item/gloomsteel_katana",
		"particle": "./item/gloomsteel_katana"
	},
	"elements": [
		{
			"name": "gloomsteel_katana_0",
			"from": [8.6875, 15.625, 7.96875],
			"to": [8.8125, 15.75, 8.03125],
			"rotation": {"angle": 0, "axis": "y", "origin": [-0.0625, 0, 7.9375]},
			"faces": {
				"north": {"uv": [3.125, 0.25, 3, 0.375], "texture": "#0"},
				"east": {"uv": [3, 0.25, 3.125, 0.375], "texture": "#0"},
				"south": {"uv": [3, 0.25, 3.125, 0.375], "texture": "#0"},
				"west": {"uv": [3, 0.25, 3.125, 0.375], "texture": "#0"},
				"up": {"uv": [3, 0.25, 3.125, 0.375], "texture": "#0"},
				"down": {"uv": [3, 0.25, 3.125, 0.375], "texture": "#0"}
			}
		},
		{
			"name": "gloomsteel_katana_1",
			"from": [8.5625, 15.5, 7.96875],
			"to": [8.6875, 15.625, 8.03125],
			"rotation": {"angle": 0, "axis": "y", "origin": [-0.0625, 0, 7.9375]},
			"faces": {
				"north": {"uv": [3, 0.375, 2.875, 0.5], "texture": "#0"},
				"east": {"uv": [2.875, 0.375, 3, 0.5], "texture": "#0"},
				"south": {"uv": [2.875, 0.375, 3, 0.5], "texture": "#0"},
				"west": {"uv": [2.875, 0.375, 3, 0.5], "texture": "#0"},
				"up": {"uv": [2.875, 0.375, 3, 0.5], "texture": "#0"},
				"down": {"uv": [2.875, 0.375, 3, 0.5], "texture": "#0"}
			}
		},
		{
			"name": "gloomsteel_katana_2",
			"from": [8.6875, 15.375, 7.9375],
			"to": [8.8125, 15.625, 8.0625],
			"rotation": {"angle": 0, "axis": "y", "origin": [-0.0625, 0, 7.9375]},
			"faces": {
				"north": {"uv": [5.125, 0.375, 5, 0.625], "texture": "#0"},
				"east": {"uv": [5, 0.375, 5.125, 0.625], "texture": "#0"},
				"south": {"uv": [5, 0.375, 5.125, 0.625], "texture": "#0"},
				"west": {"uv": [5, 0.375, 5.125, 0.625], "texture": "#0"},
				"up": {"uv": [5, 0.375, 5.125, 0.5], "texture": "#0"},
				"down": {"uv": [5, 0.5, 5.125, 0.625], "texture": "#0"}
			}
		},
		{
			"name": "gloomsteel_katana_3",
			"from": [8.4375, 15.25, 7.96875],
			"to": [8.5625, 15.5, 8.03125],
			"rotation": {"angle": 0, "axis": "y", "origin": [-0.0625, 0, 7.9375]},
			"faces": {
				"north": {"uv": [2.875, 0.5, 2.75, 0.75], "texture": "#0"},
				"east": {"uv": [2.75, 0.5, 2.875, 0.75], "texture": "#0"},
				"south": {"uv": [2.75, 0.5, 2.875, 0.75], "texture": "#0"},
				"west": {"uv": [2.75, 0.5, 2.875, 0.75], "texture": "#0"},
				"up": {"uv": [2.75, 0.5, 2.875, 0.625], "texture": "#0"},
				"down": {"uv": [2.75, 0.625, 2.875, 0.75], "texture": "#0"}
			}
		},
		{
			"name": "gloomsteel_katana_4",
			"from": [8.5625, 15.125, 7.9375],
			"to": [8.6875, 15.5, 8.0625],
			"rotation": {"angle": 0, "axis": "y", "origin": [-0.0625, 0, 7.9375]},
			"faces": {
				"north": {"uv": [5, 0.5, 4.875, 0.875], "texture": "#0"},
				"east": {"uv": [4.875, 0.5, 5, 0.875], "texture": "#0"},
				"south": {"uv": [4.875, 0.5, 5, 0.875], "texture": "#0"},
				"west": {"uv": [4.875, 0.5, 5, 0.875], "texture": "#0"},
				"up": {"uv": [4.875, 0.5, 5, 0.625], "texture": "#0"},
				"down": {"uv": [4.875, 0.75, 5, 0.875], "texture": "#0"}
			}
		},
		{
			"name": "gloomsteel_katana_5",
			"from": [8.3125, 14.875, 7.96875],
			"to": [8.4375, 15.25, 8.03125],
			"rotation": {"angle": 0, "axis": "y", "origin": [-0.0625, 0, 7.9375]},
			"faces": {
				"north": {"uv": [2.75, 0.75, 2.625, 1.125], "texture": "#0"},
				"east": {"uv": [2.625, 0.75, 2.75, 1.125], "texture": "#0"},
				"south": {"uv": [2.625, 0.75, 2.75, 1.125], "texture": "#0"},
				"west": {"uv": [2.625, 0.75, 2.75, 1.125], "texture": "#0"},
				"up": {"uv": [2.625, 0.75, 2.75, 0.875], "texture": "#0"},
				"down": {"uv": [2.625, 1, 2.75, 1.125], "texture": "#0"}
			}
		},
		{
			"name": "gloomsteel_katana_6",
			"from": [8.4375, 14.75, 7.9375],
			"to": [8.5625, 15.25, 8.0625],
			"rotation": {"angle": 0, "axis": "y", "origin": [-0.0625, 0, 7.9375]},
			"faces": {
				"north": {"uv": [4.875, 0.75, 4.75, 1.25], "texture": "#0"},
				"east": {"uv": [4.75, 0.75, 4.875, 1.25], "texture": "#0"},
				"south": {"uv": [4.75, 0.75, 4.875, 1.25], "texture": "#0"},
				"west": {"uv": [4.75, 0.75, 4.875, 1.25], "texture": "#0"},
				"up": {"uv": [4.75, 0.75, 4.875, 0.875], "texture": "#0"},
				"down": {"uv": [4.75, 1.125, 4.875, 1.25], "texture": "#0"}
			}
		},
		{
			"name": "gloomsteel_katana_7",
			"from": [8.1875, 14.625, 7.96875],
			"to": [8.3125, 15, 8.03125],
			"rotation": {"angle": 0, "axis": "y", "origin": [-0.0625, 0, 7.9375]},
			"faces": {
				"north": {"uv": [2.625, 1, 2.5, 1.375], "texture": "#0"},
				"east": {"uv": [2.5, 1, 2.625, 1.375], "texture": "#0"},
				"south": {"uv": [2.5, 1, 2.625, 1.375], "texture": "#0"},
				"west": {"uv": [2.5, 1, 2.625, 1.375], "texture": "#0"},
				"up": {"uv": [2.5, 1, 2.625, 1.125], "texture": "#0"},
				"down": {"uv": [2.5, 1.25, 2.625, 1.375], "texture": "#0"}
			}
		},
		{
			"name": "gloomsteel_katana_8",
			"from": [8.3125, 14.375, 7.9375],
			"to": [8.4375, 14.875, 8.0625],
			"rotation": {"angle": 0, "axis": "y", "origin": [-0.0625, 0, 7.9375]},
			"faces": {
				"north": {"uv": [4.75, 1.125, 4.625, 1.625], "texture": "#0"},
				"east": {"uv": [4.625, 1.125, 4.75, 1.625], "texture": "#0"},
				"south": {"uv": [4.625, 1.125, 4.75, 1.625], "texture": "#0"},
				"west": {"uv": [4.625, 1.125, 4.75, 1.625], "texture": "#0"},
				"up": {"uv": [4.625, 1.125, 4.75, 1.25], "texture": "#0"},
				"down": {"uv": [4.625, 1.5, 4.75, 1.625], "texture": "#0"}
			}
		},
		{
			"name": "gloomsteel_katana_9",
			"from": [8.0625, 14.125, 7.96875],
			"to": [8.1875, 14.75, 8.03125],
			"rotation": {"angle": 0, "axis": "y", "origin": [-0.0625, 0, 7.9375]},
			"faces": {
				"north": {"uv": [2.5, 1.25, 2.375, 1.875], "texture": "#0"},
				"east": {"uv": [2.375, 1.25, 2.5, 1.875], "texture": "#0"},
				"south": {"uv": [2.375, 1.25, 2.5, 1.875], "texture": "#0"},
				"west": {"uv": [2.375, 1.25, 2.5, 1.875], "texture": "#0"},
				"up": {"uv": [2.375, 1.25, 2.5, 1.375], "texture": "#0"},
				"down": {"uv": [2.375, 1.75, 2.5, 1.875], "texture": "#0"}
			}
		},
		{
			"name": "gloomsteel_katana_10",
			"from": [8.1875, 13.75, 7.9375],
			"to": [8.3125, 14.625, 8.0625],
			"rotation": {"angle": 0, "axis": "y", "origin": [-0.0625, 0, 7.9375]},
			"faces": {
				"north": {"uv": [4.625, 1.375, 4.5, 2.25], "texture": "#0"},
				"east": {"uv": [4.5, 1.375, 4.625, 2.25], "texture": "#0"},
				"south": {"uv": [4.5, 1.375, 4.625, 2.25], "texture": "#0"},
				"west": {"uv": [4.5, 1.375, 4.625, 2.25], "texture": "#0"},
				"up": {"uv": [4.5, 1.375, 4.625, 1.5], "texture": "#0"},
				"down": {"uv": [4.5, 2.125, 4.625, 2.25], "texture": "#0"}
			}
		},
		{
			"name": "gloomsteel_katana_11",
			"from": [7.9375, 13.5, 7.96875],
			"to": [8.0625, 14.375, 8.03125],
			"rotation": {"angle": 0, "axis": "y", "origin": [-0.0625, 0, 7.9375]},
			"faces": {
				"north": {"uv": [2.375, 1.625, 2.25, 2.5], "texture": "#0"},
				"east": {"uv": [2.25, 1.625, 2.375, 2.5], "texture": "#0"},
				"south": {"uv": [2.25, 1.625, 2.375, 2.5], "texture": "#0"},
				"west": {"uv": [2.25, 1.625, 2.375, 2.5], "texture": "#0"},
				"up": {"uv": [2.25, 1.625, 2.375, 1.75], "texture": "#0"},
				"down": {"uv": [2.25, 2.375, 2.375, 2.5], "texture": "#0"}
			}
		},
		{
			"name": "gloomsteel_katana_12",
			"from": [8.0625, 12.875, 7.9375],
			"to": [8.1875, 14.125, 8.0625],
			"rotation": {"angle": 0, "axis": "y", "origin": [-0.0625, 0, 7.9375]},
			"faces": {
				"north": {"uv": [4.5, 1.875, 4.375, 3.125], "texture": "#0"},
				"east": {"uv": [4.375, 1.875, 4.5, 3.125], "texture": "#0"},
				"south": {"uv": [4.375, 1.875, 4.5, 3.125], "texture": "#0"},
				"west": {"uv": [4.375, 1.875, 4.5, 3.125], "texture": "#0"},
				"up": {"uv": [4.375, 1.875, 4.5, 2], "texture": "#0"},
				"down": {"uv": [4.375, 3, 4.5, 3.125], "texture": "#0"}
			}
		},
		{
			"name": "gloomsteel_katana_13",
			"from": [7.8125, 12.75, 7.96875],
			"to": [7.9375, 14, 8.03125],
			"rotation": {"angle": 0, "axis": "y", "origin": [-0.0625, 0, 7.9375]},
			"faces": {
				"north": {"uv": [2.25, 2, 2.125, 3.25], "texture": "#0"},
				"east": {"uv": [2.125, 2, 2.25, 3.25], "texture": "#0"},
				"south": {"uv": [2.125, 2, 2.25, 3.25], "texture": "#0"},
				"west": {"uv": [2.125, 2, 2.25, 3.25], "texture": "#0"},
				"up": {"uv": [2.125, 2, 2.25, 2.125], "texture": "#0"},
				"down": {"uv": [2.125, 3.125, 2.25, 3.25], "texture": "#0"}
			}
		},
		{
			"name": "gloomsteel_katana_14",
			"from": [7.9375, 9.75, 7.9375],
			"to": [8.0625, 13.5, 8.0625],
			"rotation": {"angle": 0, "axis": "y", "origin": [-0.0625, 0, 7.9375]},
			"faces": {
				"north": {"uv": [4.375, 2.5, 4.25, 6.25], "texture": "#0"},
				"east": {"uv": [4.25, 2.5, 4.375, 6.25], "texture": "#0"},
				"south": {"uv": [4.25, 2.5, 4.375, 6.25], "texture": "#0"},
				"west": {"uv": [4.25, 2.5, 4.375, 6.25], "texture": "#0"},
				"up": {"uv": [4.25, 2.5, 4.375, 2.625], "texture": "#0"},
				"down": {"uv": [4.25, 6.125, 4.375, 6.25], "texture": "#0"}
			}
		},
		{
			"name": "gloomsteel_katana_15",
			"from": [7.6875, 12, 7.96875],
			"to": [7.8125, 13.375, 8.03125],
			"rotation": {"angle": 0, "axis": "y", "origin": [-0.0625, 0, 7.9375]},
			"faces": {
				"north": {"uv": [2.125, 2.625, 2, 4], "texture": "#0"},
				"east": {"uv": [2, 2.625, 2.125, 4], "texture": "#0"},
				"south": {"uv": [2, 2.625, 2.125, 4], "texture": "#0"},
				"west": {"uv": [2, 2.625, 2.125, 4], "texture": "#0"},
				"up": {"uv": [2, 2.625, 2.125, 2.75], "texture": "#0"},
				"down": {"uv": [2, 3.875, 2.125, 4], "texture": "#0"}
			}
		},
		{
			"name": "gloomsteel_katana_16",
			"from": [7.5625, 10.125, 7.96875],
			"to": [7.6875, 12.875, 8.03125],
			"rotation": {"angle": 0, "axis": "y", "origin": [-0.0625, 0, 7.9375]},
			"faces": {
				"north": {"uv": [2, 3.125, 1.875, 5.875], "texture": "#0"},
				"east": {"uv": [1.875, 3.125, 2, 5.875], "texture": "#0"},
				"south": {"uv": [1.875, 3.125, 2, 5.875], "texture": "#0"},
				"west": {"uv": [1.875, 3.125, 2, 5.875], "texture": "#0"},
				"up": {"uv": [1.875, 3.125, 2, 3.25], "texture": "#0"},
				"down": {"uv": [1.875, 5.75, 2, 5.875], "texture": "#0"}
			}
		},
		{
			"name": "gloomsteel_katana_17",
			"from": [7.8125, 3.75, 7.9375],
			"to": [7.9375, 12.75, 8.0625],
			"rotation": {"angle": 0, "axis": "y", "origin": [-0.0625, 0, 7.9375]},
			"faces": {
				"north": {"uv": [4.25, 3.25, 4.125, 12.25], "texture": "#0"},
				"east": {"uv": [4.125, 3.25, 4.25, 12.25], "texture": "#0"},
				"south": {"uv": [4.125, 3.25, 4.25, 12.25], "texture": "#0"},
				"west": {"uv": [4.125, 3.25, 4.25, 12.25], "texture": "#0"},
				"up": {"uv": [4.125, 3.25, 4.25, 3.375], "texture": "#0"},
				"down": {"uv": [4.125, 12.125, 4.25, 12.25], "texture": "#0"}
			}
		},
		{
			"name": "gloomsteel_katana_18",
			"from": [7.4375, 3.5, 7.96875],
			"to": [7.5625, 12.125, 8.03125],
			"rotation": {"angle": 0, "axis": "y", "origin": [-0.0625, 0, 7.9375]},
			"faces": {
				"north": {"uv": [1.875, 3.875, 1.75, 12.5], "texture": "#0"},
				"east": {"uv": [1.75, 3.875, 1.875, 12.5], "texture": "#0"},
				"south": {"uv": [1.75, 3.875, 1.875, 12.5], "texture": "#0"},
				"west": {"uv": [1.75, 3.875, 1.875, 12.5], "texture": "#0"},
				"up": {"uv": [1.75, 3.875, 1.875, 4], "texture": "#0"},
				"down": {"uv": [1.75, 12.375, 1.875, 12.5], "texture": "#0"}
			}
		},
		{
			"name": "gloomsteel_katana_19",
			"from": [7.6875, 3.875, 7.9375],
			"to": [7.8125, 12, 8.0625],
			"rotation": {"angle": 0, "axis": "y", "origin": [-0.0625, 0, 7.9375]},
			"faces": {
				"north": {"uv": [4.125, 4, 4, 12.125], "texture": "#0"},
				"east": {"uv": [4, 4, 4.125, 12.125], "texture": "#0"},
				"south": {"uv": [4, 4, 4.125, 12.125], "texture": "#0"},
				"west": {"uv": [4, 4, 4.125, 12.125], "texture": "#0"},
				"up": {"uv": [4, 4, 4.125, 4.125], "texture": "#0"},
				"down": {"uv": [4, 12, 4.125, 12.125], "texture": "#0"}
			}
		},
		{
			"name": "gloomsteel_katana_20",
			"from": [7.3125, 3.375, 7.96875],
			"to": [7.4375, 10.25, 8.03125],
			"rotation": {"angle": 0, "axis": "y", "origin": [-0.0625, 0, 7.9375]},
			"faces": {
				"north": {"uv": [1.75, 5.75, 1.625, 12.625], "texture": "#0"},
				"east": {"uv": [1.625, 5.75, 1.75, 12.625], "texture": "#0"},
				"south": {"uv": [1.625, 5.75, 1.75, 12.625], "texture": "#0"},
				"west": {"uv": [1.625, 5.75, 1.75, 12.625], "texture": "#0"},
				"up": {"uv": [1.625, 5.75, 1.75, 5.875], "texture": "#0"},
				"down": {"uv": [1.625, 12.5, 1.75, 12.625], "texture": "#0"}
			}
		},
		{
			"name": "gloomsteel_katana_21",
			"from": [7.5625, 3.875, 7.9375],
			"to": [7.6875, 10.125, 8.0625],
			"rotation": {"angle": 0, "axis": "y", "origin": [-0.0625, 0, 7.9375]},
			"faces": {
				"north": {"uv": [4, 5.875, 3.875, 12.125], "texture": "#0"},
				"east": {"uv": [3.875, 5.875, 4, 12.125], "texture": "#0"},
				"south": {"uv": [3.875, 5.875, 4, 12.125], "texture": "#0"},
				"west": {"uv": [3.875, 5.875, 4, 12.125], "texture": "#0"},
				"up": {"uv": [3.875, 5.875, 4, 6], "texture": "#0"},
				"down": {"uv": [3.875, 12, 4, 12.125], "texture": "#0"}
			}
		},
		{
			"name": "gloomsteel_katana_22",
			"from": [7.9375, 3.625, 7.9375],
			"to": [8.0625, 5, 8.0625],
			"rotation": {"angle": 0, "axis": "y", "origin": [-0.0625, 0, 7.9375]},
			"faces": {
				"north": {"uv": [4.375, 11, 4.25, 12.375], "texture": "#0"},
				"east": {"uv": [4.25, 11, 4.375, 12.375], "texture": "#0"},
				"south": {"uv": [4.25, 11, 4.375, 12.375], "texture": "#0"},
				"west": {"uv": [4.25, 11, 4.375, 12.375], "texture": "#0"},
				"up": {"uv": [4.25, 11, 4.375, 11.125], "texture": "#0"},
				"down": {"uv": [4.25, 12.25, 4.375, 12.375], "texture": "#0"}
			}
		},
		{
			"name": "gloomsteel_katana_23",
			"from": [8.0625, 3.375, 7.9375],
			"to": [8.1875, 4.25, 8.0625],
			"rotation": {"angle": 0, "axis": "y", "origin": [-0.0625, 0, 7.9375]},
			"faces": {
				"north": {"uv": [4.5, 11.75, 4.375, 12.625], "texture": "#0"},
				"east": {"uv": [4.375, 11.75, 4.5, 12.625], "texture": "#0"},
				"south": {"uv": [4.375, 11.75, 4.5, 12.625], "texture": "#0"},
				"west": {"uv": [4.375, 11.75, 4.5, 12.625], "texture": "#0"},
				"up": {"uv": [4.375, 11.75, 4.5, 11.875], "texture": "#0"},
				"down": {"uv": [4.375, 12.5, 4.5, 12.625], "texture": "#0"}
			}
		},
		{
			"name": "gloomsteel_katana_24",
			"from": [7.5625, 3.625, 7.96875],
			"to": [7.8125, 3.875, 8.03125],
			"rotation": {"angle": 0, "axis": "y", "origin": [-0.0625, 0, 7.9375]},
			"faces": {
				"north": {"uv": [2.125, 12.125, 1.875, 12.375], "texture": "#0"},
				"east": {"uv": [2, 12.125, 2.125, 12.375], "texture": "#0"},
				"south": {"uv": [1.875, 12.125, 2.125, 12.375], "texture": "#0"},
				"west": {"uv": [1.875, 12.125, 2, 12.375], "texture": "#0"},
				"up": {"uv": [1.875, 12.125, 2.125, 12.25], "texture": "#0"},
				"down": {"uv": [1.875, 12.25, 2.125, 12.375], "texture": "#0"}
			}
		},
		{
			"name": "gloomsteel_katana_25",
			"from": [8.1875, 3.5, 7.9375],
			"to": [8.3125, 3.875, 8.0625],
			"rotation": {"angle": 0, "axis": "y", "origin": [-0.0625, 0, 7.9375]},
			"faces": {
				"north": {"uv": [4.625, 12.125, 4.5, 12.5], "texture": "#0"},
				"east": {"uv": [4.5, 12.125, 4.625, 12.5], "texture": "#0"},
				"south": {"uv": [4.5, 12.125, 4.625, 12.5], "texture": "#0"},
				"west": {"uv": [4.5, 12.125, 4.625, 12.5], "texture": "#0"},
				"up": {"uv": [4.5, 12.125, 4.625, 12.25], "texture": "#0"},
				"down": {"uv": [4.5, 12.375, 4.625, 12.5], "texture": "#0"}
			}
		},
		{
			"name": "gloomsteel_katana_26",
			"from": [7.8125, 3.125, 7.96875],
			"to": [7.9375, 3.75, 8.03125],
			"rotation": {"angle": 0, "axis": "y", "origin": [-0.0625, 0, 7.9375]},
			"faces": {
				"north": {"uv": [2.25, 12.25, 2.125, 12.875], "texture": "#0"},
				"east": {"uv": [2.125, 12.25, 2.25, 12.875], "texture": "#0"},
				"south": {"uv": [2.125, 12.25, 2.25, 12.875], "texture": "#0"},
				"west": {"uv": [2.125, 12.25, 2.25, 12.875], "texture": "#0"},
				"up": {"uv": [2.125, 12.25, 2.25, 12.375], "texture": "#0"},
				"down": {"uv": [2.125, 12.75, 2.25, 12.875], "texture": "#0"}
			}
		},
		{
			"name": "gloomsteel_katana_27",
			"from": [8.3125, 3.625, 7.9375],
			"to": [8.4375, 3.75, 8.0625],
			"rotation": {"angle": 0, "axis": "y", "origin": [-0.0625, 0, 7.9375]},
			"faces": {
				"north": {"uv": [4.75, 12.25, 4.625, 12.375], "texture": "#0"},
				"east": {"uv": [4.625, 12.25, 4.75, 12.375], "texture": "#0"},
				"south": {"uv": [4.625, 12.25, 4.75, 12.375], "texture": "#0"},
				"west": {"uv": [4.625, 12.25, 4.75, 12.375], "texture": "#0"},
				"up": {"uv": [4.625, 12.25, 4.75, 12.375], "texture": "#0"},
				"down": {"uv": [4.625, 12.25, 4.75, 12.375], "texture": "#0"}
			}
		},
		{
			"name": "gloomsteel_katana_28",
			"from": [8.4375, 3.5, 7.8125],
			"to": [8.8125, 3.75, 8.1875],
			"rotation": {"angle": 0, "axis": "y", "origin": [-0.0625, 0, 7.9375]},
			"faces": {
				"north": {"uv": [8.875, 12.25, 8.5, 12.5], "texture": "#0"},
				"east": {"uv": [8.75, 12.25, 8.875, 12.5], "texture": "#0"},
				"south": {"uv": [8.5, 12.25, 8.875, 12.5], "texture": "#0"},
				"west": {"uv": [8.5, 12.25, 8.625, 12.5], "texture": "#0"},
				"up": {"uv": [8.5, 12.25, 8.875, 12.375], "texture": "#0"},
				"down": {"uv": [8.5, 12.375, 8.875, 12.5], "texture": "#0"}
			}
		},
		{
			"name": "gloomsteel_katana_29",
			"from": [7.6875, 3.5, 7.96875],
			"to": [7.8125, 3.625, 8.03125],
			"rotation": {"angle": 0, "axis": "y", "origin": [-0.0625, 0, 7.9375]},
			"faces": {
				"north": {"uv": [2.125, 12.375, 2, 12.5], "texture": "#0"},
				"east": {"uv": [2, 12.375, 2.125, 12.5], "texture": "#0"},
				"south": {"uv": [2, 12.375, 2.125, 12.5], "texture": "#0"},
				"west": {"uv": [2, 12.375, 2.125, 12.5], "texture": "#0"},
				"up": {"uv": [2, 12.375, 2.125, 12.5], "texture": "#0"},
				"down": {"uv": [2, 12.375, 2.125, 12.5], "texture": "#0"}
			}
		},
		{
			"name": "gloomsteel_katana_30",
			"from": [7.9375, 3.25, 7.96875],
			"to": [8.0625, 3.625, 8.03125],
			"rotation": {"angle": 0, "axis": "y", "origin": [-0.0625, 0, 7.9375]},
			"faces": {
				"north": {"uv": [2.375, 12.375, 2.25, 12.75], "texture": "#0"},
				"east": {"uv": [2.25, 12.375, 2.375, 12.75], "texture": "#0"},
				"south": {"uv": [2.25, 12.375, 2.375, 12.75], "texture": "#0"},
				"west": {"uv": [2.25, 12.375, 2.375, 12.75], "texture": "#0"},
				"up": {"uv": [2.25, 12.375, 2.375, 12.5], "texture": "#0"},
				"down": {"uv": [2.25, 12.625, 2.375, 12.75], "texture": "#0"}
			}
		},
		{
			"name": "gloomsteel_katana_31",
			"from": [8.3125, 3.125, 7.8125],
			"to": [8.4375, 3.625, 8.1875],
			"rotation": {"angle": 0, "axis": "y", "origin": [-0.0625, 0, 7.9375]},
			"faces": {
				"north": {"uv": [8.5, 12.375, 8.375, 12.875], "texture": "#0"},
				"east": {"uv": [8.375, 12.375, 8.5, 12.875], "texture": "#0"},
				"south": {"uv": [8.375, 12.375, 8.5, 12.875], "texture": "#0"},
				"west": {"uv": [8.375, 12.375, 8.5, 12.875], "texture": "#0"},
				"up": {"uv": [8.375, 12.375, 8.5, 12.5], "texture": "#0"},
				"down": {"uv": [8.375, 12.75, 8.5, 12.875], "texture": "#0"}
			}
		},
		{
			"name": "gloomsteel_katana_32",
			"from": [8.1875, 3, 7.8125],
			"to": [8.3125, 3.5, 8.1875],
			"rotation": {"angle": 0, "axis": "y", "origin": [-0.0625, 0, 7.9375]},
			"faces": {
				"north": {"uv": [8.375, 12.5, 8.25, 13], "texture": "#0"},
				"east": {"uv": [8.25, 12.5, 8.375, 13], "texture": "#0"},
				"south": {"uv": [8.25, 12.5, 8.375, 13], "texture": "#0"},
				"west": {"uv": [8.25, 12.5, 8.375, 13], "texture": "#0"},
				"up": {"uv": [8.25, 12.5, 8.375, 12.625], "texture": "#0"},
				"down": {"uv": [8.25, 12.875, 8.375, 13], "texture": "#0"}
			}
		},
		{
			"name": "gloomsteel_katana_33",
			"from": [8.4375, 3.375, 7.8125],
			"to": [8.6875, 3.5, 8.1875],
			"rotation": {"angle": 0, "axis": "y", "origin": [-0.0625, 0, 7.9375]},
			"faces": {
				"north": {"uv": [8.75, 12.5, 8.5, 12.625], "texture": "#0"},
				"east": {"uv": [8.625, 12.5, 8.75, 12.625], "texture": "#0"},
				"south": {"uv": [8.5, 12.5, 8.75, 12.625], "texture": "#0"},
				"west": {"uv": [8.5, 12.5, 8.625, 12.625], "texture": "#0"},
				"up": {"uv": [8.5, 12.5, 8.75, 12.625], "texture": "#0"},
				"down": {"uv": [8.5, 12.5, 8.75, 12.625], "texture": "#0"}
			}
		},
		{
			"name": "gloomsteel_katana_34",
			"from": [8.0625, 2.875, 7.8125],
			"to": [8.1875, 3.375, 8.1875],
			"rotation": {"angle": 0, "axis": "y", "origin": [-0.0625, 0, 7.9375]},
			"faces": {
				"north": {"uv": [8.25, 12.625, 8.125, 13.125], "texture": "#0"},
				"east": {"uv": [8.125, 12.625, 8.25, 13.125], "texture": "#0"},
				"south": {"uv": [8.125, 12.625, 8.25, 13.125], "texture": "#0"},
				"west": {"uv": [8.125, 12.625, 8.25, 13.125], "texture": "#0"},
				"up": {"uv": [8.125, 12.625, 8.25, 12.75], "texture": "#0"},
				"down": {"uv": [8.125, 13, 8.25, 13.125], "texture": "#0"}
			}
		},
		{
			"name": "gloomsteel_katana_35",
			"from": [8.4375, 3.25, 7.8125],
			"to": [8.5625, 3.375, 8.1875],
			"rotation": {"angle": 0, "axis": "y", "origin": [-0.0625, 0, 7.9375]},
			"faces": {
				"north": {"uv": [8.625, 12.625, 8.5, 12.75], "texture": "#0"},
				"east": {"uv": [8.5, 12.625, 8.625, 12.75], "texture": "#0"},
				"south": {"uv": [8.5, 12.625, 8.625, 12.75], "texture": "#0"},
				"west": {"uv": [8.5, 12.625, 8.625, 12.75], "texture": "#0"},
				"up": {"uv": [8.5, 12.625, 8.625, 12.75], "texture": "#0"},
				"down": {"uv": [8.5, 12.625, 8.625, 12.75], "texture": "#0"}
			}
		},
		{
			"name": "gloomsteel_katana_36",
			"from": [7.9375, 2.75, 7.8125],
			"to": [8.0625, 3.25, 8.1875],
			"rotation": {"angle": 0, "axis": "y", "origin": [-0.0625, 0, 7.9375]},
			"faces": {
				"north": {"uv": [8.125, 12.75, 8, 13.25], "texture": "#0"},
				"east": {"uv": [8, 12.75, 8.125, 13.25], "texture": "#0"},
				"south": {"uv": [8, 12.75, 8.125, 13.25], "texture": "#0"},
				"west": {"uv": [8, 12.75, 8.125, 13.25], "texture": "#0"},
				"up": {"uv": [8, 12.75, 8.125, 12.875], "texture": "#0"},
				"down": {"uv": [8, 13.125, 8.125, 13.25], "texture": "#0"}
			}
		},
		{
			"name": "gloomsteel_katana_37",
			"from": [7.8125, 2.625, 7.8125],
			"to": [7.9375, 3.125, 8.1875],
			"rotation": {"angle": 0, "axis": "y", "origin": [-0.0625, 0, 7.9375]},
			"faces": {
				"north": {"uv": [8, 12.875, 7.875, 13.375], "texture": "#0"},
				"east": {"uv": [7.875, 12.875, 8, 13.375], "texture": "#0"},
				"south": {"uv": [7.875, 12.875, 8, 13.375], "texture": "#0"},
				"west": {"uv": [7.875, 12.875, 8, 13.375], "texture": "#0"},
				"up": {"uv": [7.875, 12.875, 8, 13], "texture": "#0"},
				"down": {"uv": [7.875, 13.25, 8, 13.375], "texture": "#0"}
			}
		},
		{
			"name": "gloomsteel_katana_38",
			"from": [7.6875, 2.5, 7.8125],
			"to": [7.8125, 3, 8.1875],
			"rotation": {"angle": 0, "axis": "y", "origin": [-0.0625, 0, 7.9375]},
			"faces": {
				"north": {"uv": [7.875, 13, 7.75, 13.5], "texture": "#0"},
				"east": {"uv": [7.75, 13, 7.875, 13.5], "texture": "#0"},
				"south": {"uv": [7.75, 13, 7.875, 13.5], "texture": "#0"},
				"west": {"uv": [7.75, 13, 7.875, 13.5], "texture": "#0"},
				"up": {"uv": [7.75, 13, 7.875, 13.125], "texture": "#0"},
				"down": {"uv": [7.75, 13.375, 7.875, 13.5], "texture": "#0"}
			}
		},
		{
			"name": "gloomsteel_katana_39",
			"from": [7.5625, 2.375, 7.8125],
			"to": [7.6875, 2.875, 8.1875],
			"rotation": {"angle": 0, "axis": "y", "origin": [-0.0625, 0, 7.9375]},
			"faces": {
				"north": {"uv": [7.75, 13.125, 7.625, 13.625], "texture": "#0"},
				"east": {"uv": [7.625, 13.125, 7.75, 13.625], "texture": "#0"},
				"south": {"uv": [7.625, 13.125, 7.75, 13.625], "texture": "#0"},
				"west": {"uv": [7.625, 13.125, 7.75, 13.625], "texture": "#0"},
				"up": {"uv": [7.625, 13.125, 7.75, 13.25], "texture": "#0"},
				"down": {"uv": [7.625, 13.5, 7.75, 13.625], "texture": "#0"}
			}
		},
		{
			"name": "gloomsteel_katana_40",
			"from": [8.0625, 0.5, 7.8125],
			"to": [8.1875, 2.875, 8.1875],
			"rotation": {"angle": 0, "axis": "y", "origin": [-0.0625, 0, 7.9375]},
			"faces": {
				"north": {"uv": [9.75, 13.125, 9.625, 15.5], "texture": "#0"},
				"east": {"uv": [9.625, 13.125, 9.75, 15.5], "texture": "#0"},
				"south": {"uv": [9.625, 13.125, 9.75, 15.5], "texture": "#0"},
				"west": {"uv": [9.625, 13.125, 9.75, 15.5], "texture": "#0"},
				"up": {"uv": [9.625, 13.125, 9.75, 13.25], "texture": "#0"},
				"down": {"uv": [9.625, 15.375, 9.75, 15.5], "texture": "#0"}
			}
		},
		{
			"name": "gloomsteel_katana_41",
			"from": [7.4375, 2.25, 7.8125],
			"to": [7.5625, 2.75, 8.1875],
			"rotation": {"angle": 0, "axis": "y", "origin": [-0.0625, 0, 7.9375]},
			"faces": {
				"north": {"uv": [7.625, 13.25, 7.5, 13.75], "texture": "#0"},
				"east": {"uv": [7.5, 13.25, 7.625, 13.75], "texture": "#0"},
				"south": {"uv": [7.5, 13.25, 7.625, 13.75], "texture": "#0"},
				"west": {"uv": [7.5, 13.25, 7.625, 13.75], "texture": "#0"},
				"up": {"uv": [7.5, 13.25, 7.625, 13.375], "texture": "#0"},
				"down": {"uv": [7.5, 13.625, 7.625, 13.75], "texture": "#0"}
			}
		},
		{
			"name": "gloomsteel_katana_42",
			"from": [7.9375, 0.5, 7.8125],
			"to": [8.0625, 2.75, 8.1875],
			"rotation": {"angle": 0, "axis": "y", "origin": [-0.0625, 0, 7.9375]},
			"faces": {
				"north": {"uv": [9.625, 13.25, 9.5, 15.5], "texture": "#0"},
				"east": {"uv": [9.5, 13.25, 9.625, 15.5], "texture": "#0"},
				"south": {"uv": [9.5, 13.25, 9.625, 15.5], "texture": "#0"},
				"west": {"uv": [9.5, 13.25, 9.625, 15.5], "texture": "#0"},
				"up": {"uv": [9.5, 13.25, 9.625, 13.375], "texture": "#0"},
				"down": {"uv": [9.5, 15.375, 9.625, 15.5], "texture": "#0"}
			}
		},
		{
			"name": "gloomsteel_katana_43",
			"from": [7.1875, 2, 7.8125],
			"to": [7.4375, 2.625, 8.1875],
			"rotation": {"angle": 0, "axis": "y", "origin": [-0.0625, 0, 7.9375]},
			"faces": {
				"north": {"uv": [7.5, 13.375, 7.25, 14], "texture": "#0"},
				"east": {"uv": [7.375, 13.375, 7.5, 14], "texture": "#0"},
				"south": {"uv": [7.25, 13.375, 7.5, 14], "texture": "#0"},
				"west": {"uv": [7.25, 13.375, 7.375, 14], "texture": "#0"},
				"up": {"uv": [7.25, 13.375, 7.5, 13.5], "texture": "#0"},
				"down": {"uv": [7.25, 13.875, 7.5, 14], "texture": "#0"}
			}
		},
		{
			"name": "gloomsteel_katana_44",
			"from": [7.8125, 1.75, 7.8125],
			"to": [7.9375, 2.625, 8.1875],
			"rotation": {"angle": 0, "axis": "y", "origin": [-0.0625, 0, 7.9375]},
			"faces": {
				"north": {"uv": [9.5, 13.375, 9.375, 14.25], "texture": "#0"},
				"east": {"uv": [9.375, 13.375, 9.5, 14.25], "texture": "#0"},
				"south": {"uv": [9.375, 13.375, 9.5, 14.25], "texture": "#0"},
				"west": {"uv": [9.375, 13.375, 9.5, 14.25], "texture": "#0"},
				"up": {"uv": [9.375, 13.375, 9.5, 13.5], "texture": "#0"},
				"down": {"uv": [9.375, 14.125, 9.5, 14.25], "texture": "#0"}
			}
		},
		{
			"name": "gloomsteel_katana_45",
			"from": [8.1875, 0.5, 7.8125],
			"to": [8.3125, 2.125, 8.1875],
			"rotation": {"angle": 0, "axis": "y", "origin": [-0.0625, 0, 7.9375]},
			"faces": {
				"north": {"uv": [9.875, 13.875, 9.75, 15.5], "texture": "#0"},
				"east": {"uv": [9.75, 13.875, 9.875, 15.5], "texture": "#0"},
				"south": {"uv": [9.75, 13.875, 9.875, 15.5], "texture": "#0"},
				"west": {"uv": [9.75, 13.875, 9.875, 15.5], "texture": "#0"},
				"up": {"uv": [9.75, 13.875, 9.875, 14], "texture": "#0"},
				"down": {"uv": [9.75, 15.375, 9.875, 15.5], "texture": "#0"}
			}
		},
		{
			"name": "gloomsteel_katana_46",
			"from": [7.1875, 1.625, 7.8125],
			"to": [7.3125, 2, 8.1875],
			"rotation": {"angle": 0, "axis": "y", "origin": [-0.0625, 0, 7.9375]},
			"faces": {
				"north": {"uv": [7.375, 14, 7.25, 14.375], "texture": "#0"},
				"east": {"uv": [7.25, 14, 7.375, 14.375], "texture": "#0"},
				"south": {"uv": [7.25, 14, 7.375, 14.375], "texture": "#0"},
				"west": {"uv": [7.25, 14, 7.375, 14.375], "texture": "#0"},
				"up": {"uv": [7.25, 14, 7.375, 14.125], "texture": "#0"},
				"down": {"uv": [7.25, 14.25, 7.375, 14.375], "texture": "#0"}
			}
		},
		{
			"name": "gloomsteel_katana_47",
			"from": [7.5625, 0.5, 7.9375],
			"to": [7.6875, 0.75, 8.0625],
			"rotation": {"angle": 0, "axis": "y", "origin": [-0.0625, 0, 7.9375]},
			"faces": {
				"north": {"uv": [7.75, 15.25, 7.625, 15.5], "texture": "#0"},
				"east": {"uv": [7.625, 15.25, 7.75, 15.5], "texture": "#0"},
				"south": {"uv": [7.625, 15.25, 7.75, 15.5], "texture": "#0"},
				"west": {"uv": [7.625, 15.25, 7.75, 15.5], "texture": "#0"},
				"up": {"uv": [7.625, 15.25, 7.75, 15.375], "texture": "#0"},
				"down": {"uv": [7.625, 15.375, 7.75, 15.5], "texture": "#0"}
			}
		},
		{
			"name": "gloomsteel_katana_48",
			"from": [7.6875, 0.375, 7.9375],
			"to": [7.8125, 0.625, 8.0625],
			"rotation": {"angle": 0, "axis": "y", "origin": [-0.0625, 0, 7.9375]},
			"faces": {
				"north": {"uv": [7.875, 15.375, 7.75, 15.625], "texture": "#0"},
				"east": {"uv": [7.75, 15.375, 7.875, 15.625], "texture": "#0"},
				"south": {"uv": [7.75, 15.375, 7.875, 15.625], "texture": "#0"},
				"west": {"uv": [7.75, 15.375, 7.875, 15.625], "texture": "#0"},
				"up": {"uv": [7.75, 15.375, 7.875, 15.5], "texture": "#0"},
				"down": {"uv": [7.75, 15.5, 7.875, 15.625], "texture": "#0"}
			}
		},
		{
			"name": "gloomsteel_katana_49",
			"from": [7.8125, 0.25, 7.9375],
			"to": [8.3125, 0.5, 8.0625],
			"rotation": {"angle": 0, "axis": "y", "origin": [-0.0625, 0, 7.9375]},
			"faces": {
				"north": {"uv": [8.375, 15.5, 7.875, 15.75], "texture": "#0"},
				"east": {"uv": [8.25, 15.5, 8.375, 15.75], "texture": "#0"},
				"south": {"uv": [7.875, 15.5, 8.375, 15.75], "texture": "#0"},
				"west": {"uv": [7.875, 15.5, 8, 15.75], "texture": "#0"},
				"up": {"uv": [7.875, 15.5, 8.375, 15.625], "texture": "#0"},
				"down": {"uv": [7.875, 15.625, 8.375, 15.75], "texture": "#0"}
			}
		},
		{
			"name": "gloomsteel_katana_50",
			"from": [8.3125, 0.125, 7.9375],
			"to": [8.4375, 0.375, 8.0625],
			"rotation": {"angle": 0, "axis": "y", "origin": [-0.0625, 0, 7.9375]},
			"faces": {
				"north": {"uv": [8.5, 15.625, 8.375, 15.875], "texture": "#0"},
				"east": {"uv": [8.375, 15.625, 8.5, 15.875], "texture": "#0"},
				"south": {"uv": [8.375, 15.625, 8.5, 15.875], "texture": "#0"},
				"west": {"uv": [8.375, 15.625, 8.5, 15.875], "texture": "#0"},
				"up": {"uv": [8.375, 15.625, 8.5, 15.75], "texture": "#0"},
				"down": {"uv": [8.375, 15.75, 8.5, 15.875], "texture": "#0"}
			}
		},
		{
			"name": "gloomsteel_katana_51",
			"from": [7.9375, 0.125, 7.9375],
			"to": [8.3125, 0.25, 8.0625],
			"rotation": {"angle": 0, "axis": "y", "origin": [-0.0625, 0, 7.9375]},
			"faces": {
				"north": {"uv": [8.375, 15.75, 8, 15.875], "texture": "#0"},
				"east": {"uv": [8.25, 15.75, 8.375, 15.875], "texture": "#0"},
				"south": {"uv": [8, 15.75, 8.375, 15.875], "texture": "#0"},
				"west": {"uv": [8, 15.75, 8.125, 15.875], "texture": "#0"},
				"up": {"uv": [8, 15.75, 8.375, 15.875], "texture": "#0"},
				"down": {"uv": [8, 15.75, 8.375, 15.875], "texture": "#0"}
			}
		},
		{
			"name": "gloomsteel_katana_52",
			"from": [8.4375, 0.125, 7.9375],
			"to": [8.6875, 0.25, 8.0625],
			"rotation": {"angle": 0, "axis": "y", "origin": [-0.0625, 0, 7.9375]},
			"faces": {
				"north": {"uv": [8.75, 15.75, 8.5, 15.875], "texture": "#0"},
				"east": {"uv": [8.625, 15.75, 8.75, 15.875], "texture": "#0"},
				"south": {"uv": [8.5, 15.75, 8.75, 15.875], "texture": "#0"},
				"west": {"uv": [8.5, 15.75, 8.625, 15.875], "texture": "#0"},
				"up": {"uv": [8.5, 15.75, 8.75, 15.875], "texture": "#0"},
				"down": {"uv": [8.5, 15.75, 8.75, 15.875], "texture": "#0"}
			}
		}
	],
	"gui_light": "front",
	"display": {
		"thirdperson_righthand": {
			"rotation": [0, -90, 0],
			"translation": [0, 13.5, 1],
			"scale": [2.4, 2.4, 2.4]
		},
		"thirdperson_lefthand": {
			"rotation": [0, 90, 0],
			"translation": [0, 13.5, 1],
			"scale": [2.4, 2.4, 2.4]
		},
		"firstperson_righthand": {
			"rotation": [10, -40, 59],
			"translation": [-9.25, 9, 3.25],
			"scale": [1.4, 1.4, 1.4]
		},
		"firstperson_lefthand": {
			"rotation": [10, 140, -59],
			"translation": [-9.25, 9, 3.25],
			"scale": [1.4, 1.4, 1.4]
		},
		"ground": {
			"rotation": [0, 0, 45],
			"translation": [0, 1.5, 0.25]
		},
		"gui": {
			"rotation": [0, 0, -45],
			"translation": [-0.25, -0.25, 0],
			"scale": [1.4, 1.4, 1]
		},
		"head": {
			"rotation": [0, 0, 45],
			"translation": [1.25, 17.75, 0],
			"scale": [2, 2, 2]
		},
		"fixed": {
			"rotation": [0, 0, 90],
			"translation": [3.75, -0.25, -0.25],
			"scale": [4, 4, 4]
		}
	},
	"groups": [
		{
			"name": "gloomsteel_katana",
			"origin": [7.9375, 8, 15.9375],
			"color": 0,
			"children": [
				0,
				1,
				2,
				3,
				4,
				5,
				6,
				7,
				8,
				9,
				10,
				11,
				12,
				13,
				14,
				15,
				16,
				17,
				18,
				19,
				20,
				21,
				22,
				23,
				24,
				25,
				26,
				27,
				28,
				29,
				30,
				31,
				32,
				33,
				34,
				35,
				36,
				37,
				38,
				39,
				40,
				41,
				42,
				43,
				44,
				45,
				46,
				47,
				48,
				49,
				50,
				51,
				52
			]
		}
	]
}