{
	"textures": {
		"2": "./item/gloomsteel_knife"
	},
	"elements": [
		{
			"name": "gloomsteel_knife_0",
			"from": [8.21875, 8.625, 7.96875],
			"to": [8.46875, 8.75, 8.03125],
			"rotation": {"angle": 0, "axis": "y", "origin": [0.21875, 0, 7.9375]},
			"faces": {
				"north": {"uv": [2.375, 7.25, 2.125, 7.375], "texture": "#2"},
				"east": {"uv": [2.25, 7.25, 2.375, 7.375], "texture": "#2"},
				"south": {"uv": [2.125, 7.25, 2.375, 7.375], "texture": "#2"},
				"west": {"uv": [2.125, 7.25, 2.25, 7.375], "texture": "#2"},
				"up": {"uv": [2.125, 7.25, 2.375, 7.375], "texture": "#2"},
				"down": {"uv": [2.125, 7.25, 2.375, 7.375], "texture": "#2"}
			}
		},
		{
			"name": "gloomsteel_knife_1",
			"from": [8.09375, 8.375, 7.96875],
			"to": [8.34375, 8.625, 8.03125],
			"rotation": {"angle": 0, "axis": "y", "origin": [0.21875, 0, 7.9375]},
			"faces": {
				"north": {"uv": [2.25, 7.375, 2, 7.625], "texture": "#2"},
				"east": {"uv": [2.125, 7.375, 2.25, 7.625], "texture": "#2"},
				"south": {"uv": [2, 7.375, 2.25, 7.625], "texture": "#2"},
				"west": {"uv": [2, 7.375, 2.125, 7.625], "texture": "#2"},
				"up": {"uv": [2, 7.375, 2.25, 7.5], "texture": "#2"},
				"down": {"uv": [2, 7.5, 2.25, 7.625], "texture": "#2"}
			}
		},
		{
			"name": "gloomsteel_knife_2",
			"from": [7.96875, 8, 7.96875],
			"to": [8.09375, 8.5, 8.03125],
			"rotation": {"angle": 0, "axis": "y", "origin": [0.21875, 0, 7.9375]},
			"faces": {
				"north": {"uv": [2, 7.5, 1.875, 8], "texture": "#2"},
				"east": {"uv": [1.875, 7.5, 2, 8], "texture": "#2"},
				"south": {"uv": [1.875, 7.5, 2, 8], "texture": "#2"},
				"west": {"uv": [1.875, 7.5, 2, 8], "texture": "#2"},
				"up": {"uv": [1.875, 7.5, 2, 7.625], "texture": "#2"},
				"down": {"uv": [1.875, 7.875, 2, 8], "texture": "#2"}
			}
		},
		{
			"name": "gloomsteel_knife_3",
			"from": [7.84375, 7.875, 7.96875],
			"to": [7.96875, 8.375, 8.03125],
			"rotation": {"angle": 0, "axis": "y", "origin": [0.21875, 0, 7.9375]},
			"faces": {
				"north": {"uv": [1.875, 7.625, 1.75, 8.125], "texture": "#2"},
				"east": {"uv": [1.75, 7.625, 1.875, 8.125], "texture": "#2"},
				"south": {"uv": [1.75, 7.625, 1.875, 8.125], "texture": "#2"},
				"west": {"uv": [1.75, 7.625, 1.875, 8.125], "texture": "#2"},
				"up": {"uv": [1.75, 7.625, 1.875, 7.75], "texture": "#2"},
				"down": {"uv": [1.75, 8, 1.875, 8.125], "texture": "#2"}
			}
		},
		{
			"name": "gloomsteel_knife_4",
			"from": [8.09375, 8.125, 7.96875],
			"to": [8.21875, 8.375, 8.03125],
			"rotation": {"angle": 0, "axis": "y", "origin": [0.21875, 0, 7.9375]},
			"faces": {
				"north": {"uv": [2.125, 7.625, 2, 7.875], "texture": "#2"},
				"east": {"uv": [2, 7.625, 2.125, 7.875], "texture": "#2"},
				"south": {"uv": [2, 7.625, 2.125, 7.875], "texture": "#2"},
				"west": {"uv": [2, 7.625, 2.125, 7.875], "texture": "#2"},
				"up": {"uv": [2, 7.625, 2.125, 7.75], "texture": "#2"},
				"down": {"uv": [2, 7.75, 2.125, 7.875], "texture": "#2"}
			}
		},
		{
			"name": "gloomsteel_knife_5",
			"from": [7.71875, 7.625, 7.96875],
			"to": [7.84375, 8.25, 8.03125],
			"rotation": {"angle": 0, "axis": "y", "origin": [0.21875, 0, 7.9375]},
			"faces": {
				"north": {"uv": [1.75, 7.75, 1.625, 8.375], "texture": "#2"},
				"east": {"uv": [1.625, 7.75, 1.75, 8.375], "texture": "#2"},
				"south": {"uv": [1.625, 7.75, 1.75, 8.375], "texture": "#2"},
				"west": {"uv": [1.625, 7.75, 1.75, 8.375], "texture": "#2"},
				"up": {"uv": [1.625, 7.75, 1.75, 7.875], "texture": "#2"},
				"down": {"uv": [1.625, 8.25, 1.75, 8.375], "texture": "#2"}
			}
		},
		{
			"name": "gloomsteel_knife_6",
			"from": [7.59375, 7.375, 7.96875],
			"to": [7.71875, 8.125, 8.03125],
			"rotation": {"angle": 0, "axis": "y", "origin": [0.21875, 0, 7.9375]},
			"faces": {
				"north": {"uv": [1.625, 7.875, 1.5, 8.625], "texture": "#2"},
				"east": {"uv": [1.5, 7.875, 1.625, 8.625], "texture": "#2"},
				"south": {"uv": [1.5, 7.875, 1.625, 8.625], "texture": "#2"},
				"west": {"uv": [1.5, 7.875, 1.625, 8.625], "texture": "#2"},
				"up": {"uv": [1.5, 7.875, 1.625, 8], "texture": "#2"},
				"down": {"uv": [1.5, 8.5, 1.625, 8.625], "texture": "#2"}
			}
		},
		{
			"name": "gloomsteel_knife_7",
			"from": [8.09375, 7.75, 7.9375],
			"to": [8.21875, 8.125, 8.0625],
			"rotation": {"angle": 0, "axis": "y", "origin": [0.21875, 0, 7.9375]},
			"faces": {
				"north": {"uv": [4, 7.875, 3.875, 8.25], "texture": "#2"},
				"east": {"uv": [3.875, 7.875, 4, 8.25], "texture": "#2"},
				"south": {"uv": [3.875, 7.875, 4, 8.25], "texture": "#2"},
				"west": {"uv": [3.875, 7.875, 4, 8.25], "texture": "#2"},
				"up": {"uv": [3.875, 7.875, 4, 8], "texture": "#2"},
				"down": {"uv": [3.875, 8.125, 4, 8.25], "texture": "#2"}
			}
		},
		{
			"name": "gloomsteel_knife_8",
			"from": [7.96875, 7.125, 7.9375],
			"to": [8.09375, 8, 8.0625],
			"rotation": {"angle": 0, "axis": "y", "origin": [0.21875, 0, 7.9375]},
			"faces": {
				"north": {"uv": [3.875, 8, 3.75, 8.875], "texture": "#2"},
				"east": {"uv": [3.75, 8, 3.875, 8.875], "texture": "#2"},
				"south": {"uv": [3.75, 8, 3.875, 8.875], "texture": "#2"},
				"west": {"uv": [3.75, 8, 3.875, 8.875], "texture": "#2"},
				"up": {"uv": [3.75, 8, 3.875, 8.125], "texture": "#2"},
				"down": {"uv": [3.75, 8.75, 3.875, 8.875], "texture": "#2"}
			}
		},
		{
			"name": "gloomsteel_knife_9",
			"from": [7.46875, 6.125, 7.96875],
			"to": [7.59375, 7.875, 8.03125],
			"rotation": {"angle": 0, "axis": "y", "origin": [0.21875, 0, 7.9375]},
			"faces": {
				"north": {"uv": [1.5, 8.125, 1.375, 9.875], "texture": "#2"},
				"east": {"uv": [1.375, 8.125, 1.5, 9.875], "texture": "#2"},
				"south": {"uv": [1.375, 8.125, 1.5, 9.875], "texture": "#2"},
				"west": {"uv": [1.375, 8.125, 1.5, 9.875], "texture": "#2"},
				"up": {"uv": [1.375, 8.125, 1.5, 8.25], "texture": "#2"},
				"down": {"uv": [1.375, 9.75, 1.5, 9.875], "texture": "#2"}
			}
		},
		{
			"name": "gloomsteel_knife_10",
			"from": [7.84375, 4.125, 7.9375],
			"to": [7.96875, 7.875, 8.0625],
			"rotation": {"angle": 0, "axis": "y", "origin": [0.21875, 0, 7.9375]},
			"faces": {
				"north": {"uv": [3.75, 8.125, 3.625, 11.875], "texture": "#2"},
				"east": {"uv": [3.625, 8.125, 3.75, 11.875], "texture": "#2"},
				"south": {"uv": [3.625, 8.125, 3.75, 11.875], "texture": "#2"},
				"west": {"uv": [3.625, 8.125, 3.75, 11.875], "texture": "#2"},
				"up": {"uv": [3.625, 8.125, 3.75, 8.25], "texture": "#2"},
				"down": {"uv": [3.625, 11.75, 3.75, 11.875], "texture": "#2"}
			}
		},
		{
			"name": "gloomsteel_knife_11",
			"from": [7.34375, 7, 7.96875],
			"to": [7.46875, 7.625, 8.03125],
			"rotation": {"angle": 0, "axis": "y", "origin": [0.21875, 0, 7.9375]},
			"faces": {
				"north": {"uv": [1.375, 8.375, 1.25, 9], "texture": "#2"},
				"east": {"uv": [1.25, 8.375, 1.375, 9], "texture": "#2"},
				"south": {"uv": [1.25, 8.375, 1.375, 9], "texture": "#2"},
				"west": {"uv": [1.25, 8.375, 1.375, 9], "texture": "#2"},
				"up": {"uv": [1.25, 8.375, 1.375, 8.5], "texture": "#2"},
				"down": {"uv": [1.25, 8.875, 1.375, 9], "texture": "#2"}
			}
		},
		{
			"name": "gloomsteel_knife_12",
			"from": [7.71875, 4.25, 7.9375],
			"to": [7.84375, 7.625, 8.0625],
			"rotation": {"angle": 0, "axis": "y", "origin": [0.21875, 0, 7.9375]},
			"faces": {
				"north": {"uv": [3.625, 8.375, 3.5, 11.75], "texture": "#2"},
				"east": {"uv": [3.5, 8.375, 3.625, 11.75], "texture": "#2"},
				"south": {"uv": [3.5, 8.375, 3.625, 11.75], "texture": "#2"},
				"west": {"uv": [3.5, 8.375, 3.625, 11.75], "texture": "#2"},
				"up": {"uv": [3.5, 8.375, 3.625, 8.5], "texture": "#2"},
				"down": {"uv": [3.5, 11.625, 3.625, 11.75], "texture": "#2"}
			}
		},
		{
			"name": "gloomsteel_knife_13",
			"from": [7.21875, 7.125, 7.96875],
			"to": [7.34375, 7.375, 8.03125],
			"rotation": {"angle": 0, "axis": "y", "origin": [0.21875, 0, 7.9375]},
			"faces": {
				"north": {"uv": [1.25, 8.625, 1.125, 8.875], "texture": "#2"},
				"east": {"uv": [1.125, 8.625, 1.25, 8.875], "texture": "#2"},
				"south": {"uv": [1.125, 8.625, 1.25, 8.875], "texture": "#2"},
				"west": {"uv": [1.125, 8.625, 1.25, 8.875], "texture": "#2"},
				"up": {"uv": [1.125, 8.625, 1.25, 8.75], "texture": "#2"},
				"down": {"uv": [1.125, 8.75, 1.25, 8.875], "texture": "#2"}
			}
		},
		{
			"name": "gloomsteel_knife_14",
			"from": [7.59375, 7.125, 7.9375],
			"to": [7.71875, 7.375, 8.0625],
			"rotation": {"angle": 0, "axis": "y", "origin": [0.21875, 0, 7.9375]},
			"faces": {
				"north": {"uv": [3.5, 8.625, 3.375, 8.875], "texture": "#2"},
				"east": {"uv": [3.375, 8.625, 3.5, 8.875], "texture": "#2"},
				"south": {"uv": [3.375, 8.625, 3.5, 8.875], "texture": "#2"},
				"west": {"uv": [3.375, 8.625, 3.5, 8.875], "texture": "#2"},
				"up": {"uv": [3.375, 8.625, 3.5, 8.75], "texture": "#2"},
				"down": {"uv": [3.375, 8.75, 3.5, 8.875], "texture": "#2"}
			}
		},
		{
			"name": "gloomsteel_knife_15",
			"from": [7.59375, 6.25, 7.96875],
			"to": [7.71875, 7.125, 8.03125],
			"rotation": {"angle": 0, "axis": "y", "origin": [0.21875, 0, 7.9375]},
			"faces": {
				"north": {"uv": [1.625, 8.875, 1.5, 9.75], "texture": "#2"},
				"east": {"uv": [1.5, 8.875, 1.625, 9.75], "texture": "#2"},
				"south": {"uv": [1.5, 8.875, 1.625, 9.75], "texture": "#2"},
				"west": {"uv": [1.5, 8.875, 1.625, 9.75], "texture": "#2"},
				"up": {"uv": [1.5, 8.875, 1.625, 9], "texture": "#2"},
				"down": {"uv": [1.5, 9.625, 1.625, 9.75], "texture": "#2"}
			}
		},
		{
			"name": "gloomsteel_knife_16",
			"from": [7.34375, 6, 7.96875],
			"to": [7.46875, 6.375, 8.03125],
			"rotation": {"angle": 0, "axis": "y", "origin": [0.21875, 0, 7.9375]},
			"faces": {
				"north": {"uv": [1.375, 9.625, 1.25, 10], "texture": "#2"},
				"east": {"uv": [1.25, 9.625, 1.375, 10], "texture": "#2"},
				"south": {"uv": [1.25, 9.625, 1.375, 10], "texture": "#2"},
				"west": {"uv": [1.25, 9.625, 1.375, 10], "texture": "#2"},
				"up": {"uv": [1.25, 9.625, 1.375, 9.75], "texture": "#2"},
				"down": {"uv": [1.25, 9.875, 1.375, 10], "texture": "#2"}
			}
		},
		{
			"name": "gloomsteel_knife_17",
			"from": [7.09375, 4.5, 7.96875],
			"to": [7.34375, 6.25, 8.03125],
			"rotation": {"angle": 0, "axis": "y", "origin": [0.21875, 0, 7.9375]},
			"faces": {
				"north": {"uv": [1.25, 9.75, 1, 11.5], "texture": "#2"},
				"east": {"uv": [1.125, 9.75, 1.25, 11.5], "texture": "#2"},
				"south": {"uv": [1, 9.75, 1.25, 11.5], "texture": "#2"},
				"west": {"uv": [1, 9.75, 1.125, 11.5], "texture": "#2"},
				"up": {"uv": [1, 9.75, 1.25, 9.875], "texture": "#2"},
				"down": {"uv": [1, 11.375, 1.25, 11.5], "texture": "#2"}
			}
		},
		{
			"name": "gloomsteel_knife_18",
			"from": [7.59375, 4.375, 7.9375],
			"to": [7.71875, 6.25, 8.0625],
			"rotation": {"angle": 0, "axis": "y", "origin": [0.21875, 0, 7.9375]},
			"faces": {
				"north": {"uv": [3.5, 9.75, 3.375, 11.625], "texture": "#2"},
				"east": {"uv": [3.375, 9.75, 3.5, 11.625], "texture": "#2"},
				"south": {"uv": [3.375, 9.75, 3.5, 11.625], "texture": "#2"},
				"west": {"uv": [3.375, 9.75, 3.5, 11.625], "texture": "#2"},
				"up": {"uv": [3.375, 9.75, 3.5, 9.875], "texture": "#2"},
				"down": {"uv": [3.375, 11.5, 3.5, 11.625], "texture": "#2"}
			}
		},
		{
			"name": "gloomsteel_knife_19",
			"from": [7.46875, 4.375, 7.9375],
			"to": [7.59375, 6.125, 8.0625],
			"rotation": {"angle": 0, "axis": "y", "origin": [0.21875, 0, 7.9375]},
			"faces": {
				"north": {"uv": [3.375, 9.875, 3.25, 11.625], "texture": "#2"},
				"east": {"uv": [3.25, 9.875, 3.375, 11.625], "texture": "#2"},
				"south": {"uv": [3.25, 9.875, 3.375, 11.625], "texture": "#2"},
				"west": {"uv": [3.25, 9.875, 3.375, 11.625], "texture": "#2"},
				"up": {"uv": [3.25, 9.875, 3.375, 10], "texture": "#2"},
				"down": {"uv": [3.25, 11.5, 3.375, 11.625], "texture": "#2"}
			}
		},
		{
			"name": "gloomsteel_knife_20",
			"from": [7.34375, 4.375, 7.9375],
			"to": [7.46875, 6, 8.0625],
			"rotation": {"angle": 0, "axis": "y", "origin": [0.21875, 0, 7.9375]},
			"faces": {
				"north": {"uv": [3.25, 10, 3.125, 11.625], "texture": "#2"},
				"east": {"uv": [3.125, 10, 3.25, 11.625], "texture": "#2"},
				"south": {"uv": [3.125, 10, 3.25, 11.625], "texture": "#2"},
				"west": {"uv": [3.125, 10, 3.25, 11.625], "texture": "#2"},
				"up": {"uv": [3.125, 10, 3.25, 10.125], "texture": "#2"},
				"down": {"uv": [3.125, 11.5, 3.25, 11.625], "texture": "#2"}
			}
		},
		{
			"name": "gloomsteel_knife_21",
			"from": [8.59375, 3.875, 7.8125],
			"to": [8.84375, 4.125, 8.1875],
			"rotation": {"angle": 0, "axis": "y", "origin": [0.21875, 0, 7.9375]},
			"faces": {
				"north": {"uv": [8.625, 10.875, 8.375, 11.125], "texture": "#2"},
				"east": {"uv": [8.5, 10.875, 8.625, 11.125], "texture": "#2"},
				"south": {"uv": [8.375, 10.875, 8.625, 11.125], "texture": "#2"},
				"west": {"uv": [8.375, 10.875, 8.5, 11.125], "texture": "#2"},
				"up": {"uv": [8.375, 10.875, 8.625, 11], "texture": "#2"},
				"down": {"uv": [8.375, 11, 8.625, 11.125], "texture": "#2"}
			}
		},
		{
			"name": "gloomsteel_knife_22",
			"from": [8.84375, 4, 7.8125],
			"to": [8.96875, 4.125, 8.1875],
			"rotation": {"angle": 0, "axis": "y", "origin": [0.21875, 0, 7.9375]},
			"faces": {
				"north": {"uv": [8.75, 10.875, 8.625, 11], "texture": "#2"},
				"east": {"uv": [8.625, 10.875, 8.75, 11], "texture": "#2"},
				"south": {"uv": [8.625, 10.875, 8.75, 11], "texture": "#2"},
				"west": {"uv": [8.625, 10.875, 8.75, 11], "texture": "#2"},
				"up": {"uv": [8.625, 10.875, 8.75, 11], "texture": "#2"},
				"down": {"uv": [8.625, 10.875, 8.75, 11], "texture": "#2"}
			}
		},
		{
			"name": "gloomsteel_knife_23",
			"from": [8.46875, 3.625, 7.8125],
			"to": [8.59375, 4, 8.1875],
			"rotation": {"angle": 0, "axis": "y", "origin": [0.21875, 0, 7.9375]},
			"faces": {
				"north": {"uv": [8.375, 11, 8.25, 11.375], "texture": "#2"},
				"east": {"uv": [8.25, 11, 8.375, 11.375], "texture": "#2"},
				"south": {"uv": [8.25, 11, 8.375, 11.375], "texture": "#2"},
				"west": {"uv": [8.25, 11, 8.375, 11.375], "texture": "#2"},
				"up": {"uv": [8.25, 11, 8.375, 11.125], "texture": "#2"},
				"down": {"uv": [8.25, 11.25, 8.375, 11.375], "texture": "#2"}
			}
		},
		{
			"name": "gloomsteel_knife_24",
			"from": [8.34375, 3.5, 7.8125],
			"to": [8.46875, 3.875, 8.1875],
			"rotation": {"angle": 0, "axis": "y", "origin": [0.21875, 0, 7.9375]},
			"faces": {
				"north": {"uv": [8.25, 11.125, 8.125, 11.5], "texture": "#2"},
				"east": {"uv": [8.125, 11.125, 8.25, 11.5], "texture": "#2"},
				"south": {"uv": [8.125, 11.125, 8.25, 11.5], "texture": "#2"},
				"west": {"uv": [8.125, 11.125, 8.25, 11.5], "texture": "#2"},
				"up": {"uv": [8.125, 11.125, 8.25, 11.25], "texture": "#2"},
				"down": {"uv": [8.125, 11.375, 8.25, 11.5], "texture": "#2"}
			}
		},
		{
			"name": "gloomsteel_knife_25",
			"from": [8.59375, 3.75, 7.8125],
			"to": [8.71875, 3.875, 8.1875],
			"rotation": {"angle": 0, "axis": "y", "origin": [0.21875, 0, 7.9375]},
			"faces": {
				"north": {"uv": [8.5, 11.125, 8.375, 11.25], "texture": "#2"},
				"east": {"uv": [8.375, 11.125, 8.5, 11.25], "texture": "#2"},
				"south": {"uv": [8.375, 11.125, 8.5, 11.25], "texture": "#2"},
				"west": {"uv": [8.375, 11.125, 8.5, 11.25], "texture": "#2"},
				"up": {"uv": [8.375, 11.125, 8.5, 11.25], "texture": "#2"},
				"down": {"uv": [8.375, 11.125, 8.5, 11.25], "texture": "#2"}
			}
		},
		{
			"name": "gloomsteel_knife_26",
			"from": [6.96875, 4, 7.96875],
			"to": [7.09375, 4.75, 8.03125],
			"rotation": {"angle": 0, "axis": "y", "origin": [0.21875, 0, 7.9375]},
			"faces": {
				"north": {"uv": [1, 11.25, 0.875, 12], "texture": "#2"},
				"east": {"uv": [0.875, 11.25, 1, 12], "texture": "#2"},
				"south": {"uv": [0.875, 11.25, 1, 12], "texture": "#2"},
				"west": {"uv": [0.875, 11.25, 1, 12], "texture": "#2"},
				"up": {"uv": [0.875, 11.25, 1, 11.375], "texture": "#2"},
				"down": {"uv": [0.875, 11.875, 1, 12], "texture": "#2"}
			}
		},
		{
			"name": "gloomsteel_knife_27",
			"from": [7.96875, 4, 7.9375],
			"to": [8.09375, 4.75, 8.0625],
			"rotation": {"angle": 0, "axis": "y", "origin": [0.21875, 0, 7.9375]},
			"faces": {
				"north": {"uv": [3.875, 11.25, 3.75, 12], "texture": "#2"},
				"east": {"uv": [3.75, 11.25, 3.875, 12], "texture": "#2"},
				"south": {"uv": [3.75, 11.25, 3.875, 12], "texture": "#2"},
				"west": {"uv": [3.75, 11.25, 3.875, 12], "texture": "#2"},
				"up": {"uv": [3.75, 11.25, 3.875, 11.375], "texture": "#2"},
				"down": {"uv": [3.75, 11.875, 3.875, 12], "texture": "#2"}
			}
		},
		{
			"name": "gloomsteel_knife_28",
			"from": [8.21875, 3.375, 7.8125],
			"to": [8.34375, 3.75, 8.1875],
			"rotation": {"angle": 0, "axis": "y", "origin": [0.21875, 0, 7.9375]},
			"faces": {
				"north": {"uv": [8.125, 11.25, 8, 11.625], "texture": "#2"},
				"east": {"uv": [8, 11.25, 8.125, 11.625], "texture": "#2"},
				"south": {"uv": [8, 11.25, 8.125, 11.625], "texture": "#2"},
				"west": {"uv": [8, 11.25, 8.125, 11.625], "texture": "#2"},
				"up": {"uv": [8, 11.25, 8.125, 11.375], "texture": "#2"},
				"down": {"uv": [8, 11.5, 8.125, 11.625], "texture": "#2"}
			}
		},
		{
			"name": "gloomsteel_knife_29",
			"from": [8.09375, 3.25, 7.8125],
			"to": [8.21875, 3.625, 8.1875],
			"rotation": {"angle": 0, "axis": "y", "origin": [0.21875, 0, 7.9375]},
			"faces": {
				"north": {"uv": [8, 11.375, 7.875, 11.75], "texture": "#2"},
				"east": {"uv": [7.875, 11.375, 8, 11.75], "texture": "#2"},
				"south": {"uv": [7.875, 11.375, 8, 11.75], "texture": "#2"},
				"west": {"uv": [7.875, 11.375, 8, 11.75], "texture": "#2"},
				"up": {"uv": [7.875, 11.375, 8, 11.5], "texture": "#2"},
				"down": {"uv": [7.875, 11.625, 8, 11.75], "texture": "#2"}
			}
		},
		{
			"name": "gloomsteel_knife_30",
			"from": [7.09375, 4, 7.96875],
			"to": [7.21875, 4.5, 8.03125],
			"rotation": {"angle": 0, "axis": "y", "origin": [0.21875, 0, 7.9375]},
			"faces": {
				"north": {"uv": [1.125, 11.5, 1, 12], "texture": "#2"},
				"east": {"uv": [1, 11.5, 1.125, 12], "texture": "#2"},
				"south": {"uv": [1, 11.5, 1.125, 12], "texture": "#2"},
				"west": {"uv": [1, 11.5, 1.125, 12], "texture": "#2"},
				"up": {"uv": [1, 11.5, 1.125, 11.625], "texture": "#2"},
				"down": {"uv": [1, 11.875, 1.125, 12], "texture": "#2"}
			}
		},
		{
			"name": "gloomsteel_knife_31",
			"from": [7.21875, 4.375, 7.9375],
			"to": [7.34375, 4.5, 8.0625],
			"rotation": {"angle": 0, "axis": "y", "origin": [0.21875, 0, 7.9375]},
			"faces": {
				"north": {"uv": [3.125, 11.5, 3, 11.625], "texture": "#2"},
				"east": {"uv": [3, 11.5, 3.125, 11.625], "texture": "#2"},
				"south": {"uv": [3, 11.5, 3.125, 11.625], "texture": "#2"},
				"west": {"uv": [3, 11.5, 3.125, 11.625], "texture": "#2"},
				"up": {"uv": [3, 11.5, 3.125, 11.625], "texture": "#2"},
				"down": {"uv": [3, 11.5, 3.125, 11.625], "texture": "#2"}
			}
		},
		{
			"name": "gloomsteel_knife_32",
			"from": [7.96875, 3.125, 7.8125],
			"to": [8.09375, 3.5, 8.1875],
			"rotation": {"angle": 0, "axis": "y", "origin": [0.21875, 0, 7.9375]},
			"faces": {
				"north": {"uv": [7.875, 11.5, 7.75, 11.875], "texture": "#2"},
				"east": {"uv": [7.75, 11.5, 7.875, 11.875], "texture": "#2"},
				"south": {"uv": [7.75, 11.5, 7.875, 11.875], "texture": "#2"},
				"west": {"uv": [7.75, 11.5, 7.875, 11.875], "texture": "#2"},
				"up": {"uv": [7.75, 11.5, 7.875, 11.625], "texture": "#2"},
				"down": {"uv": [7.75, 11.75, 7.875, 11.875], "texture": "#2"}
			}
		},
		{
			"name": "gloomsteel_knife_33",
			"from": [7.21875, 4.125, 7.96875],
			"to": [7.71875, 4.375, 8.03125],
			"rotation": {"angle": 0, "axis": "y", "origin": [0.21875, 0, 7.9375]},
			"faces": {
				"north": {"uv": [1.625, 11.625, 1.125, 11.875], "texture": "#2"},
				"east": {"uv": [1.5, 11.625, 1.625, 11.875], "texture": "#2"},
				"south": {"uv": [1.125, 11.625, 1.625, 11.875], "texture": "#2"},
				"west": {"uv": [1.125, 11.625, 1.25, 11.875], "texture": "#2"},
				"up": {"uv": [1.125, 11.625, 1.625, 11.75], "texture": "#2"},
				"down": {"uv": [1.125, 11.75, 1.625, 11.875], "texture": "#2"}
			}
		},
		{
			"name": "gloomsteel_knife_34",
			"from": [8.09375, 3.625, 7.9375],
			"to": [8.21875, 4.375, 8.0625],
			"rotation": {"angle": 0, "axis": "y", "origin": [0.21875, 0, 7.9375]},
			"faces": {
				"north": {"uv": [4, 11.625, 3.875, 12.375], "texture": "#2"},
				"east": {"uv": [3.875, 11.625, 4, 12.375], "texture": "#2"},
				"south": {"uv": [3.875, 11.625, 4, 12.375], "texture": "#2"},
				"west": {"uv": [3.875, 11.625, 4, 12.375], "texture": "#2"},
				"up": {"uv": [3.875, 11.625, 4, 11.75], "texture": "#2"},
				"down": {"uv": [3.875, 12.25, 4, 12.375], "texture": "#2"}
			}
		},
		{
			"name": "gloomsteel_knife_35",
			"from": [7.84375, 3, 7.8125],
			"to": [7.96875, 3.375, 8.1875],
			"rotation": {"angle": 0, "axis": "y", "origin": [0.21875, 0, 7.9375]},
			"faces": {
				"north": {"uv": [7.75, 11.625, 7.625, 12], "texture": "#2"},
				"east": {"uv": [7.625, 11.625, 7.75, 12], "texture": "#2"},
				"south": {"uv": [7.625, 11.625, 7.75, 12], "texture": "#2"},
				"west": {"uv": [7.625, 11.625, 7.75, 12], "texture": "#2"},
				"up": {"uv": [7.625, 11.625, 7.75, 11.75], "texture": "#2"},
				"down": {"uv": [7.625, 11.875, 7.75, 12], "texture": "#2"}
			}
		},
		{
			"name": "gloomsteel_knife_36",
			"from": [7.71875, 3.875, 7.96875],
			"to": [7.84375, 4.25, 8.03125],
			"rotation": {"angle": 0, "axis": "y", "origin": [0.21875, 0, 7.9375]},
			"faces": {
				"north": {"uv": [1.75, 11.75, 1.625, 12.125], "texture": "#2"},
				"east": {"uv": [1.625, 11.75, 1.75, 12.125], "texture": "#2"},
				"south": {"uv": [1.625, 11.75, 1.75, 12.125], "texture": "#2"},
				"west": {"uv": [1.625, 11.75, 1.75, 12.125], "texture": "#2"},
				"up": {"uv": [1.625, 11.75, 1.75, 11.875], "texture": "#2"},
				"down": {"uv": [1.625, 12, 1.75, 12.125], "texture": "#2"}
			}
		},
		{
			"name": "gloomsteel_knife_37",
			"from": [8.21875, 3.875, 7.9375],
			"to": [8.46875, 4.25, 8.0625],
			"rotation": {"angle": 0, "axis": "y", "origin": [0.21875, 0, 7.9375]},
			"faces": {
				"north": {"uv": [4.25, 11.75, 4, 12.125], "texture": "#2"},
				"east": {"uv": [4.125, 11.75, 4.25, 12.125], "texture": "#2"},
				"south": {"uv": [4, 11.75, 4.25, 12.125], "texture": "#2"},
				"west": {"uv": [4, 11.75, 4.125, 12.125], "texture": "#2"},
				"up": {"uv": [4, 11.75, 4.25, 11.875], "texture": "#2"},
				"down": {"uv": [4, 12, 4.25, 12.125], "texture": "#2"}
			}
		},
		{
			"name": "gloomsteel_knife_38",
			"from": [7.71875, 2.875, 7.8125],
			"to": [7.84375, 3.25, 8.1875],
			"rotation": {"angle": 0, "axis": "y", "origin": [0.21875, 0, 7.9375]},
			"faces": {
				"north": {"uv": [7.625, 11.75, 7.5, 12.125], "texture": "#2"},
				"east": {"uv": [7.5, 11.75, 7.625, 12.125], "texture": "#2"},
				"south": {"uv": [7.5, 11.75, 7.625, 12.125], "texture": "#2"},
				"west": {"uv": [7.5, 11.75, 7.625, 12.125], "texture": "#2"},
				"up": {"uv": [7.5, 11.75, 7.625, 11.875], "texture": "#2"},
				"down": {"uv": [7.5, 12, 7.625, 12.125], "texture": "#2"}
			}
		},
		{
			"name": "gloomsteel_knife_39",
			"from": [7.59375, 4, 7.96875],
			"to": [7.71875, 4.125, 8.03125],
			"rotation": {"angle": 0, "axis": "y", "origin": [0.21875, 0, 7.9375]},
			"faces": {
				"north": {"uv": [1.625, 11.875, 1.5, 12], "texture": "#2"},
				"east": {"uv": [1.5, 11.875, 1.625, 12], "texture": "#2"},
				"south": {"uv": [1.5, 11.875, 1.625, 12], "texture": "#2"},
				"west": {"uv": [1.5, 11.875, 1.625, 12], "texture": "#2"},
				"up": {"uv": [1.5, 11.875, 1.625, 12], "texture": "#2"},
				"down": {"uv": [1.5, 11.875, 1.625, 12], "texture": "#2"}
			}
		},
		{
			"name": "gloomsteel_knife_40",
			"from": [7.84375, 3.5, 7.96875],
			"to": [7.96875, 4.125, 8.03125],
			"rotation": {"angle": 0, "axis": "y", "origin": [0.21875, 0, 7.9375]},
			"faces": {
				"north": {"uv": [1.875, 11.875, 1.75, 12.5], "texture": "#2"},
				"east": {"uv": [1.75, 11.875, 1.875, 12.5], "texture": "#2"},
				"south": {"uv": [1.75, 11.875, 1.875, 12.5], "texture": "#2"},
				"west": {"uv": [1.75, 11.875, 1.875, 12.5], "texture": "#2"},
				"up": {"uv": [1.75, 11.875, 1.875, 12], "texture": "#2"},
				"down": {"uv": [1.75, 12.375, 1.875, 12.5], "texture": "#2"}
			}
		},
		{
			"name": "gloomsteel_knife_41",
			"from": [8.46875, 4, 7.9375],
			"to": [8.59375, 4.125, 8.0625],
			"rotation": {"angle": 0, "axis": "y", "origin": [0.21875, 0, 7.9375]},
			"faces": {
				"north": {"uv": [4.375, 11.875, 4.25, 12], "texture": "#2"},
				"east": {"uv": [4.25, 11.875, 4.375, 12], "texture": "#2"},
				"south": {"uv": [4.25, 11.875, 4.375, 12], "texture": "#2"},
				"west": {"uv": [4.25, 11.875, 4.375, 12], "texture": "#2"},
				"up": {"uv": [4.25, 11.875, 4.375, 12], "texture": "#2"},
				"down": {"uv": [4.25, 11.875, 4.375, 12], "texture": "#2"}
			}
		},
		{
			"name": "gloomsteel_knife_42",
			"from": [7.59375, 2.625, 7.8125],
			"to": [7.71875, 3.125, 8.1875],
			"rotation": {"angle": 0, "axis": "y", "origin": [0.21875, 0, 7.9375]},
			"faces": {
				"north": {"uv": [7.5, 11.875, 7.375, 12.375], "texture": "#2"},
				"east": {"uv": [7.375, 11.875, 7.5, 12.375], "texture": "#2"},
				"south": {"uv": [7.375, 11.875, 7.5, 12.375], "texture": "#2"},
				"west": {"uv": [7.375, 11.875, 7.5, 12.375], "texture": "#2"},
				"up": {"uv": [7.375, 11.875, 7.5, 12], "texture": "#2"},
				"down": {"uv": [7.375, 12.25, 7.5, 12.375], "texture": "#2"}
			}
		},
		{
			"name": "gloomsteel_knife_43",
			"from": [7.96875, 3.5, 7.96875],
			"to": [8.09375, 4, 8.03125],
			"rotation": {"angle": 0, "axis": "y", "origin": [0.21875, 0, 7.9375]},
			"faces": {
				"north": {"uv": [2, 12, 1.875, 12.5], "texture": "#2"},
				"east": {"uv": [1.875, 12, 2, 12.5], "texture": "#2"},
				"south": {"uv": [1.875, 12, 2, 12.5], "texture": "#2"},
				"west": {"uv": [1.875, 12, 2, 12.5], "texture": "#2"},
				"up": {"uv": [1.875, 12, 2, 12.125], "texture": "#2"},
				"down": {"uv": [1.875, 12.375, 2, 12.5], "texture": "#2"}
			}
		},
		{
			"name": "gloomsteel_knife_44",
			"from": [8.21875, 3.75, 7.9375],
			"to": [8.34375, 3.875, 8.0625],
			"rotation": {"angle": 0, "axis": "y", "origin": [0.21875, 0, 7.9375]},
			"faces": {
				"north": {"uv": [4.125, 12.125, 4, 12.25], "texture": "#2"},
				"east": {"uv": [4, 12.125, 4.125, 12.25], "texture": "#2"},
				"south": {"uv": [4, 12.125, 4.125, 12.25], "texture": "#2"},
				"west": {"uv": [4, 12.125, 4.125, 12.25], "texture": "#2"},
				"up": {"uv": [4, 12.125, 4.125, 12.25], "texture": "#2"},
				"down": {"uv": [4, 12.125, 4.125, 12.25], "texture": "#2"}
			}
		},
		{
			"name": "gloomsteel_knife_50",
			"from": [7.96875, 1.25, 7.9375],
			"to": [8.09375, 1.5, 8.0625],
			"rotation": {"angle": 0, "axis": "y", "origin": [0.21875, 0, 7.9375]},
			"faces": {
				"north": {"uv": [7.875, 14.75, 7.75, 15], "texture": "#2"},
				"east": {"uv": [7.75, 14.75, 7.875, 15], "texture": "#2"},
				"south": {"uv": [7.75, 14.75, 7.875, 15], "texture": "#2"},
				"west": {"uv": [7.75, 14.75, 7.875, 15], "texture": "#2"},
				"up": {"uv": [7.75, 14.75, 7.875, 14.875], "texture": "#2"},
				"down": {"uv": [7.75, 14.875, 7.875, 15], "texture": "#2"}
			}
		},
		{
			"name": "gloomsteel_knife_51",
			"from": [8.09375, 1.125, 7.9375],
			"to": [8.21875, 1.375, 8.0625],
			"rotation": {"angle": 0, "axis": "y", "origin": [0.21875, 0, 7.9375]},
			"faces": {
				"north": {"uv": [8, 14.875, 7.875, 15.125], "texture": "#2"},
				"east": {"uv": [7.875, 14.875, 8, 15.125], "texture": "#2"},
				"south": {"uv": [7.875, 14.875, 8, 15.125], "texture": "#2"},
				"west": {"uv": [7.875, 14.875, 8, 15.125], "texture": "#2"},
				"up": {"uv": [7.875, 14.875, 8, 15], "texture": "#2"},
				"down": {"uv": [7.875, 15, 8, 15.125], "texture": "#2"}
			}
		},
		{
			"name": "gloomsteel_knife_52",
			"from": [8.21875, 1, 7.9375],
			"to": [8.34375, 1.25, 8.0625],
			"rotation": {"angle": 0, "axis": "y", "origin": [0.21875, 0, 7.9375]},
			"faces": {
				"north": {"uv": [8.125, 15, 8, 15.25], "texture": "#2"},
				"east": {"uv": [8, 15, 8.125, 15.25], "texture": "#2"},
				"south": {"uv": [8, 15, 8.125, 15.25], "texture": "#2"},
				"west": {"uv": [8, 15, 8.125, 15.25], "texture": "#2"},
				"up": {"uv": [8, 15, 8.125, 15.125], "texture": "#2"},
				"down": {"uv": [8, 15.125, 8.125, 15.25], "texture": "#2"}
			}
		},
		{
			"name": "gloomsteel_knife_53",
			"from": [8.34375, 0.875, 7.9375],
			"to": [8.84375, 1.125, 8.0625],
			"rotation": {"angle": 0, "axis": "y", "origin": [0.21875, 0, 7.9375]},
			"faces": {
				"north": {"uv": [8.625, 15.125, 8.125, 15.375], "texture": "#2"},
				"east": {"uv": [8.5, 15.125, 8.625, 15.375], "texture": "#2"},
				"south": {"uv": [8.125, 15.125, 8.625, 15.375], "texture": "#2"},
				"west": {"uv": [8.125, 15.125, 8.25, 15.375], "texture": "#2"},
				"up": {"uv": [8.125, 15.125, 8.625, 15.25], "texture": "#2"},
				"down": {"uv": [8.125, 15.25, 8.625, 15.375], "texture": "#2"}
			}
		},
		{
			"name": "gloomsteel_knife_54",
			"from": [8.84375, 0.875, 7.9375],
			"to": [9.09375, 1, 8.0625],
			"rotation": {"angle": 0, "axis": "y", "origin": [0.21875, 0, 7.9375]},
			"faces": {
				"north": {"uv": [8.875, 15.25, 8.625, 15.375], "texture": "#2"},
				"east": {"uv": [8.75, 15.25, 8.875, 15.375], "texture": "#2"},
				"south": {"uv": [8.625, 15.25, 8.875, 15.375], "texture": "#2"},
				"west": {"uv": [8.625, 15.25, 8.75, 15.375], "texture": "#2"},
				"up": {"uv": [8.625, 15.25, 8.875, 15.375], "texture": "#2"},
				"down": {"uv": [8.625, 15.25, 8.875, 15.375], "texture": "#2"}
			}
		},
		{
			"name": "gloomsteel_knife_45",
			"from": [8.34375, 1.125, 7.8125],
			"to": [8.46875, 3.5, 8.1875],
			"faces": {
				"north": {"uv": [8.25, 12.5, 8.125, 14.875], "texture": "#2"},
				"east": {"uv": [8.125, 12.5, 8.25, 14.875], "texture": "#2"},
				"south": {"uv": [8.125, 12.5, 8.25, 14.875], "texture": "#2"},
				"west": {"uv": [8.125, 12.5, 8.25, 14.875], "texture": "#2"},
				"up": {"uv": [8.125, 12.5, 8.25, 12.625], "texture": "#2"},
				"down": {"uv": [8.125, 14.75, 8.25, 14.875], "texture": "#2"}
			}
		},
		{
			"name": "gloomsteel_knife_46",
			"from": [8.21875, 2.25, 7.8125],
			"to": [8.34375, 3.375, 8.1875],
			"faces": {
				"north": {"uv": [8.125, 12.625, 8, 13.75], "texture": "#2"},
				"east": {"uv": [8, 12.625, 8.125, 13.75], "texture": "#2"},
				"south": {"uv": [8, 12.625, 8.125, 13.75], "texture": "#2"},
				"west": {"uv": [8, 12.625, 8.125, 13.75], "texture": "#2"},
				"up": {"uv": [8, 12.625, 8.125, 12.75], "texture": "#2"},
				"down": {"uv": [8, 13.625, 8.125, 13.75], "texture": "#2"}
			}
		},
		{
			"name": "gloomsteel_knife_47",
			"from": [8.09375, 2.75, 7.8125],
			"to": [8.21875, 3.25, 8.1875],
			"faces": {
				"north": {"uv": [8, 12.75, 7.875, 13.25], "texture": "#2"},
				"east": {"uv": [7.875, 12.75, 8, 13.25], "texture": "#2"},
				"south": {"uv": [7.875, 12.75, 8, 13.25], "texture": "#2"},
				"west": {"uv": [7.875, 12.75, 8, 13.25], "texture": "#2"},
				"up": {"uv": [7.875, 12.75, 8, 12.875], "texture": "#2"},
				"down": {"uv": [7.875, 13.125, 8, 13.25], "texture": "#2"}
			}
		},
		{
			"name": "gloomsteel_knife_48",
			"from": [8.46875, 1.125, 7.8125],
			"to": [8.59375, 3.125, 8.1875],
			"faces": {
				"north": {"uv": [8.375, 12.875, 8.25, 14.875], "texture": "#2"},
				"east": {"uv": [8.25, 12.875, 8.375, 14.875], "texture": "#2"},
				"south": {"uv": [8.25, 12.875, 8.375, 14.875], "texture": "#2"},
				"west": {"uv": [8.25, 12.875, 8.375, 14.875], "texture": "#2"},
				"up": {"uv": [8.25, 12.875, 8.375, 13], "texture": "#2"},
				"down": {"uv": [8.25, 14.75, 8.375, 14.875], "texture": "#2"}
			}
		},
		{
			"name": "gloomsteel_knife_49",
			"from": [8.59375, 1.125, 7.8125],
			"to": [8.71875, 2.5, 8.1875],
			"faces": {
				"north": {"uv": [8.5, 13.5, 8.375, 14.875], "texture": "#2"},
				"east": {"uv": [8.375, 13.5, 8.5, 14.875], "texture": "#2"},
				"south": {"uv": [8.375, 13.5, 8.5, 14.875], "texture": "#2"},
				"west": {"uv": [8.375, 13.5, 8.5, 14.875], "texture": "#2"},
				"up": {"uv": [8.375, 13.5, 8.5, 13.625], "texture": "#2"},
				"down": {"uv": [8.375, 14.75, 8.5, 14.875], "texture": "#2"}
			}
		}
	],
	"gui_light": "front",
	"display": {
		"thirdperson_righthand": {
			"rotation": [0, -90, 0],
			"translation": [0, 12, 0.5],
			"scale": [2.4, 2.4, 2.4]
		},
		"thirdperson_lefthand": {
			"rotation": [0, 90, 0],
			"translation": [0, 12, 0.5],
			"scale": [2.4, 2.4, 2.4]
		},
		"firstperson_righthand": {
			"rotation": [10, -40, 59],
			"translation": [-9.25, 9, 3.25],
			"scale": [1.4, 1.4, 1.4]
		},
		"firstperson_lefthand": {
			"rotation": [10, 140, -59],
			"translation": [-9.25, 9, 3.25],
			"scale": [1.4, 1.4, 1.4]
		},
		"ground": {
			"rotation": [0, 0, 45],
			"translation": [-3.25, 1.5, 0.25]
		},
		"gui": {
			"rotation": [0, 0, -45],
			"translation": [5, 6, 0],
			"scale": [2.39, 2.39, 2.39]
		},
		"head": {
			"rotation": [0, 0, 45],
			"translation": [-3.75, 16.5, 0],
			"scale": [2, 2, 2]
		},
		"fixed": {
			"rotation": [0, 0, 90],
			"translation": [-11.75, -0.25, -0.5],
			"scale": [4, 4, 4]
		}
	},
	"groups": [
		{
			"name": "gloomsteel_knife",
			"origin": [8.21875, 8, 15.9375],
			"color": 0,
			"children": [
				0,
				1,
				2,
				3,
				4,
				5,
				6,
				7,
				8,
				9,
				10,
				11,
				12,
				13,
				14,
				15,
				16,
				17,
				18,
				19,
				20,
				21,
				22,
				23,
				24,
				25,
				26,
				27,
				28,
				29,
				30,
				31,
				32,
				33,
				34,
				35,
				36,
				37,
				38,
				39,
				40,
				41,
				42,
				43,
				44,
				45,
				46,
				47,
				48,
				49
			]
		},
		{
			"name": "gloomsteel_knife",
			"origin": [8, 8, 8],
			"color": 0,
			"children": [50, 51, 52, 53, 54]
		}
	]
}